수집시각,순위,브랜드,상품명,위시수,가격
2026-10-05 15:07,1,그레인온,리센느 에디션 캡슐레이션 효소 1.8g 2개월분 (5종 중 택1),1217,24900
2026-10-05 15:07,2,한끼통살,[한끼통살] 단백질 든든형 닭가슴살 21일식단관리+ (증정)현미크리스피 닭가슴살 오리지널 1개,3878,64200
2026-10-05 15:07,3,그레인온,[그레인온] 골드 카무트 브랜드밀 효소 3개월(+선물포장) +파인키위효소+고단백질바 증정,7273,46900
2026-10-05 15:07,4,아일로,"""선물하기 1등 콜라겐"" 아일로 타입1 콜라겐 비오틴 앰플 28일분 오간자 에디션+ 앰플 2입 추가 증정",13437,65900
2026-10-05 15:07,5,그레인온,[그레인온] 골드 카무트 브랜드밀효소G 3개월분+10포증정(총100포) + 파로저당씬칩 증정,2568,24900
2026-10-05 15:07,6,타이거모닝,[좋은 아침 선물] 진저샷 미니보틀 8개입 (메시지 참 증정),657,29900
2026-10-05 15:07,7,셀렉스,셀렉스 프로핏 맛있는 완전단백질 250ml 18팩 딸기초코/모카초콜릿/밀크바닐라/바나나 택1,4049,31900
2026-10-05 15:07,8,한끼통살,[한끼통살] 닭가슴살 순삭 10팩세트(소스통살5+닭가슴살볼5),6014,31500
2026-10-05 15:07,9,한끼통살,[한끼통살] 닭가슴살 한달 식단 패키지 30팩+(증정)보냉백,9894,86800
2026-10-05 15:07,10,한끼통살,"""닭가슴살 완벽세트"" 보냉백+한끼통살 닭가슴살 15팩 세트",1055,29900
2026-10-05 15:07,11,랩노쉬,"식단인 간식선물 [랩노쉬] 프로틴 스낵 바스켓, 총 13입 (프로틴 미니쿠키,단백 쿠키바,단백쿠키)",8411,28000
2026-10-05 15:07,12,삼대오백,[선물/운동]삼대오백 필수 아미노산 EAA 300g 헬스 직장인 수분보충,2546,27900
2026-10-05 15:07,13,삼대오백,[운동선물/헬스] 삼대오백 모노 크레아틴 100서빙 운동 필수템,4795,17900
2026-10-05 15:07,14,삼대오백,[운동선물/헬스] 삼대오백 BCAA 오리지널 300g 1통 아미노산 수분 보충,6017,17900
2026-10-05 15:07,15,CJ웰케어,편안한 밤 필수템 식물성 멜라토닌 1mg 구미 젤리 멜라메이트 1박스 (50구미) 수험생/직장인 선물,5875,18900
2026-10-05 15:07,16,익스트림,쇼핑백 증정 에너지 활력선물 [김종국 추천세트]익스트림 아르기닌정 (2개월분) & 밀크씨슬 플러스 (2개월분) + 쇼핑백 증정,22273,27900
2026-10-05 15:07,17,타이거모닝,[선물 만족도 1등] 진저샷 스타터키트 진저샷 1병 & 샷잔 (메시지 참 증정) / 직장인 친구 지인 선물,4995,30900
2026-10-05 15:07,18,한끼통살,[한끼통살] 한끼통살 첫구매 입문용(5팩) (닭가슴살/스테이크/볼/주먹밥/소시지),520,12600
2026-10-05 15:07,19,허닭,BEST다모였닭 허닭 닭가슴살 다양하게 즐기기 20종 패키지,18055,27900
2026-10-05 15:07,20,익스트림,아르기닌 증정 남친 활력선물 대한민국 NO.1 김종국 트리플아르기닌 6200 (30포) + 아르기닌 추가 증정,4831,45000
2026-10-05 15:07,21,익스트림,선물포장 응원 에너지선물 익스트림 김종국 트리플아르기닌 6200 (15포) + 선물 포장,1318,23900
2026-10-05 15:07,22,랩노쉬,"BEST 프로틴모음 [랩노쉬] 프로틴 락커 12종 선물세트 (프로틴 드링크 퍼펙트, 단백쿠키, 단백 쿠키바)",695,30000
2026-10-05 15:07,23,랩노쉬,27g고함량 프로틴 [랩노쉬] 프로틴드링크 퍼펙트 350ml 12개입 (초코/바나나/곡물/쿠키앤크림/메론/초당옥수수/카라멜/딸기),1131,31900
2026-10-05 15:07,24,한끼통살,[한끼통살] 닭가슴살 2주 식단패키지 14팩,1952,46000
2026-10-05 15:07,25,플라이밀,[보틀&쇼핑백]플라이밀 단백질 프로틴 식사대용 쉐이크 14종 1통,499,29900
2026-10-05 15:07,26,알디콤,[단독] 알디콤Plus 숙취해소제 선물세트 (5포입x3개),4328,33200
2026-10-05 15:07,27,CJ웰케어,편안한 밤 필수템 식물성 멜라토닌 1mg 구미 젤리 멜라메이트 1박스 (20구미) 수험생/직장인 선물,10212,9900
2026-10-05 15:07,28,뉴트리디데이,"""이게 바로 찐! 초고함량"" 액상스틱 L-아르기닌 7000 3박스 [케이스 동봉]",1089,30900
2026-10-05 15:07,29,아일로,아일로 타입1 콜라겐 비오틴 앰플 14일분 오간자 에디션 (고급 오간자 패키징 + 선물용 쇼핑백),5038,32900
2026-10-05 15:07,30,삼대오백,[헬스/운동]삼대오백 입문자패키지 BCAA+크레아틴+바이퍼 6캔 부스터 EAA 아르기닌 남친 선물,1252,34900
2026-10-05 15:07,31,다신샵,식사대용 프로틴 단백질18g 고단백쉐이크 단백한끼 5종 5+5팩,2364,21900
2026-10-05 15:07,32,플라이밀,급찐급빠 플라이밀 단백질쉐이크파우치 스타터팩 6가지맛 총6포 + 쇼핑백증정,11901,22900
2026-10-05 15:07,33,한끼통살,[한끼통살] 닭가슴살 촉촉 10팩세트(소스통살5+스테이크5),382,19900
2026-10-05 15:07,34,프로티원,선물세트+보틀증정 [단독/선물포장] 프로티원 단백질 쉐이크&보틀 쇼핑백세트(+메세지카드),2458,36900
2026-10-05 15:07,35,익스트림,선물포장 에너지 활력 선물 익스트림 김종국 트리플아르기닌 6200 10포 + 선물포장,23135,16900
2026-10-05 15:07,36,알디콤,[쇼핑백 증정/술자리 필수템] 알디콤A 숙취해소제 선물세트 (5포입 x 3개),6121,27500
2026-10-05 15:07,37,익스트림,쉐이커 증정 운동하는 남친선물 익스트림 단백질 흡수극대화 초코맛 밸런스드 프로틴&류신 + 쉐이커 증정,1567,34900
2026-10-05 15:07,38,익스트림,쉐이커 증정 순도 100% 익스트림 모노크레아틴 플러스 300g (100일분) + 쉐이커 증정,446,16900
2026-10-05 15:07,39,삼대오백,[운동/헬스]삼대오백 월드클래스 분말 300g 카페인 운동전 집중 에너지 헬스 부스터,2044,29900
2026-10-05 15:07,40,플라이밀,플라이밀 단백질쉐이크파우치 9가지맛 1세트 + 쇼핑백증정,2452,31500
2026-10-05 15:07,41,오니스트,만족도100% [건강/부모님선물/생일추천] 오니스트 스페셜 기프트 에디션 / 트리플콜라겐 & 트리플샤인 중 택 1,8858,36900
2026-10-05 15:07,42,랩노쉬,고단백 식단간식 [랩노쉬] 단백쿠키 10개입 (5종혼합/더블초코/피넛버터/아몬드앤그린티/리치코코넛),13525,12900
2026-10-05 15:07,43,타이거모닝,[한 달 아침 루틴 선물] 진저샷 30일팩 (진저샷 3병 / 전용 샷잔 + 메시지 참 증정),657,62800
2026-10-05 15:07,44,뉴케어,1등 완전균형영양식 뉴케어 클래식 구수한맛/검은깨맛 200ml 16입(1BOX) 2종 택1,397,32900
2026-10-05 15:07,45,건강식품,"""단백질음료"" 테이크핏 맥스24G 250mL x 24입 5종(초코맛/고소한맛/바나나맛/호박고구마맛/딸기맛)",921,32900
2026-10-05 15:07,46,타이거모닝,[가볍게 전하는 응원] 진저샷 미니보틀 5개입 / 직장인 친구 지인 선물,5419,24900
2026-10-05 15:07,47,다신샵,운동할때 먹어 단백질충전 패키지(10팩) / 프로틴쉐이크 단백칩 프로틴바,1972,19900
2026-10-05 15:07,48,랩노쉬,미식가 헬스인 맞춤 [랩노쉬] 프로틴 드링크 스타터팩 선물세트 (6개입),4069,19900
2026-10-05 15:07,49,한끼통살,[한끼통살] 닭으로만 채운 31일 식단챌린지+증정 식단카달로그 (닭가슴살/그릴드/닭가슴살볼/스테이크/닭다리),1909,108000
2026-10-05 15:07,50,알디콤,"[프리미엄 감사 선물] 알디콤 숙취해소제 AVP 3종 기획세트, 총 15포입",5204,29900
2026-10-05 15:07,51,파티스마트,술자리 필수 선물 젤리 구미 파티스마트 망고 숙취해소제 10개입 3박스+[증정] 2개입 3박스+쇼핑백,2014,27000
2026-10-05 15:07,52,종근당,빠른 단백질 충전! 아미코어 프로틴샷 12병 1박스 단백질 아미노산 비타민,724,23800
2026-10-05 15:07,53,셀렉스,셀렉스 프로핏 100% WPI 프로틴 음료 330ml 12팩 초콜릿/코코넛/복숭아,1909,33900
2026-10-05 15:07,54,다신샵,탄수DOWN 저당 오늘은현미주먹밥 100g 10종 10팩 / 식단관리,1238,19900
2026-10-05 15:07,55,그레인온,[그레인온] 카무트 브랜드밀 프리미엄 효소90 3개월분+쇼핑백 증정,475,53800
2026-10-05 15:07,56,삼대오백,"""For 운동하는 헬스인"" 삼대오백 헬스부스터 [카페인 아르기닌]",2287,18900
2026-10-05 15:07,57,푸드올로지,"[콜라겐 증정] 레몬 올레샷, 엑스트라 버진 올리브오일 캡슐 / 올리브유 유기농 레몬즙",4748,29800
2026-10-05 15:07,58,익스트림,양말 증정 러닝/등산 운동추천 익스트림 러닝 액티브 에너지젤 (14포) + 운동 양말 증정,702,21000
2026-10-05 15:07,59,가농,단백이 계란흰자 99.5% 에그 프로틴 40개입(달걀 단백질 간편식),36,39000
2026-10-05 15:07,60,삼대오백,"[헬스 운동 펌핑 부스터]운동에 진심 인 삼대오백 글리펌프 10,000mg 1BOX 15포운동 부스터 선물",502,11900
2026-10-05 15:07,61,플라이밀,"크런치토핑 플라이밀 단백질쉐이크파우치 7개입 1세트, 15가지맛 택1 + 쇼핑백증정",1210,24500
2026-10-05 15:07,62,푸드올로지,"추석 선물 [헬로키티 한정판/단독] 리유저블백&틴케이스 키링 증정, 엑스트라버진 올리브오일 캡슐 30포",10912,32800
2026-10-05 15:07,63,동국제약,동국제약 마이핏 프리미엄 마시는 액상 알부민 골드 14포 4박스 (총 56포)+쇼핑백+행운부적 키링 증정,3022,35000
2026-10-05 15:07,64,랩노쉬,달콤한 식단 선물 [랩노쉬] 단백 쿠키바 틴케이스 선물세트 2종(쿠키앤크림+블랙쿠키/12개입) 프로틴바 단백질바,4073,19900
2026-10-05 15:07,65,한끼통살,[한끼통살] 현미 크리스피 닭가슴살 4종 택1 (90gX10팩),189,29000
2026-10-05 15:07,66,뉴케어,간편한 한끼 영양식 대상웰라이프 뉴케어 오트아몬드맛 완전균형영양식 200ml 24입 1박스,53,43990
2026-10-05 15:07,67,셀렉스,셀렉스 프로핏 맛있는 완전단백질 250ml 36팩 딸기초코/모카초콜릿/밀크바닐라/바나나,759,61900
2026-10-05 15:07,68,한끼통살,[한끼통살] 통살 닭가슴살 20종 택1(100gx10팩),1480,24700
2026-10-05 15:07,69,파티스마트,술자리 필수템 젤리형 숙취해소제 파티스마트 10개입 2박스+[증정] 츄루마불+2개입 2박스,5429,25000
2026-10-05 15:07,70,랭킹닭컴,추천선물 너에게 선물한닭 랭킹닭컴 BEST 식단관리 소스 닭가슴살/크리스피/소프트/볼 선물세트 패키지,3630,19800
2026-10-05 15:07,71,익스트림,선물포장 테토남 추천 익스트림 김종국 블랙마카 1800 120정 (1개월분) + 선물포장,1249,24900
2026-10-05 15:07,72,한끼통살,헬씨.벌스.데이 [선물포장] 한끼통살 닭가슴살 올인원 케이크 15종(통살5입 + 스테이크5입 + 주먹밥5입),1133,42500
2026-10-05 15:07,73,닥터데이알,[센스있는선물] 수면안대 증정 식물성 멜라토닌 멜라시럽 선물세트 (+ 딥 나잇 티 1박스),4376,29800
2026-10-05 15:07,74,GNM자연의품격,GNM 이성경 석류콜라겐젤리 스틱 2박스 (총 30포) / 300달톤,2938,21900
2026-10-05 15:07,75,삼대오백,크레아틴 정제 120정 삼대오백 헬스 운동 건강 간편 선물 보충제,167,17900
2026-10-05 15:07,76,익스트림,파우더 컨테이너 증정 운동/헬스 추천 프로틴&보충제 모음전 S7 프리워크아웃 / OPTIMA EAA / 모노크레아틴 / BCAA 중 택1 + 류신 단백질 증정,712,28500
2026-10-05 15:07,77,랩노쉬,더욱 업그레이드 된 [랩노쉬] 프로틴드링크 퍼펙트 350ml 24개입 (초코/바나나/곡물/쿠키앤크림/메론/초당옥수수/카라멜/딸기),1371,56900
2026-10-05 15:07,78,다신샵,5팩 맛보기 고단백쉐이크 단백한끼 5종 5팩 / 식사대용 프로틴,1011,12900
2026-10-05 15:07,79,GNM자연의품격,GNM 올리브오일 엑스트라버진 식물성 캡슐 30캡슐 x 5박스(총 150캡슐) /  올리브유 100% 단일품종,2601,27900
2026-10-05 15:07,80,삼대오백,"운동 전 부스터 PRO ""운동을 고민하는 너에게"" 삼대오백 헬스 아르기닌 카페인 선물",621,22900
2026-10-05 15:07,81,프로뉴트리션,체지방감소 다이어트 [단독/보틀 증정] 듀얼플랜 다이어트 유산균 1박스 체지방 감소+장건강 기능성 맛있는 요구르트맛,539,43500
2026-10-05 15:07,82,꼬박꼬밥,단독/쇼핑백 [신상]꼬박꼬밥 플러스 단백질쉐이크 선물세트,4570,26900
2026-10-05 15:07,83,한끼통살,적립쿠폰 증정 건강한 식단 [한끼통살]냉동고쟁여템 패키지 (30개입)+적립쿠폰증정 (순한맛/매운맛/BEST맛),5807,94100
2026-10-05 15:07,84,허닭,헬스인을 위한 허닭 스팀 닭가슴살 6종 20팩 패키지 (+전자렌지용기 증정),1583,40900
2026-10-05 15:07,85,동국제약,"""고함량 콜라겐 4000mg"" 동국제약 저분자 액상콜라겐 앰플 부스터샷 4000 1박스(14병)+기프트백/여자친구 선물",8729,25900
2026-10-05 15:07,86,한끼통살,부족함 없이 인기상품만 넣은 [한끼통살]닭가슴살 Non-stop 올인원패키지 36팩+ [증정]현미크리스피 닭가슴살 오리지널 1개,918,112200
2026-10-05 15:07,87,삼대오백,[헬스 운동 선물]삼대오백 시그니쳐 월클펌프 부스터80g 1BOX 15포 카페인 집중 펌핑 간편 부스터,807,27900
2026-10-05 15:07,88,푸드올로지,"[쇼핑백 증정/식습관 리셋] 굶지 않는 5일 비움 루틴, 지중해 오일만 클렌즈 (10회분)",2571,25800
2026-10-05 15:07,89,푸드올로지,"[센스있는선물] 아침이 가벼워지는 상큼한 습관, 지중해 레몬그린티 (15포)",2947,25800
2026-10-05 15:07,90,익스트림,선물포장 활력 필수템 익스트림 듀얼 아르기닌 플러스 120정 (2개월분) + 선물포장,2008,15900
2026-10-05 15:07,91,한끼통살,베스트셀러 통살 모음집 [한끼통살] 닭가슴살 통살만 모았닭 20개입 + [증정]소시지꼬치 오리지널,507,49900
2026-10-05 15:07,92,다신샵,NO밀가루 식단빵 찐~한 저당 바스크치즈케이크 4종 5팩(오리지널/초코/말차/우베),1978,19900
2026-10-05 15:07,93,더존건강,더존건강 한끼 곤약젤리 150g 15종 각 1팩 체험세트,908,11900
2026-10-05 15:07,94,랩노쉬,달콤식단선물 [랩노쉬] 리미티드 에디션 더 쿠키박스 선물세트 (단백쿠키 10개+쿠키바 4개),918,19900
2026-10-05 15:07,95,삼대오백,"블랙마카 120정 삼대오백 ""부모님 친구 활력 선물"" 흑마늘 운동 부스터",487,19900
2026-10-05 15:07,96,한끼통살,[한끼통살] 닭가슴살 소시지 꼬치형 3종 택1(10팩),382,12900
2026-10-05 15:07,97,다신샵,125kcal 클린식단 오늘은마녀스프 2주세트(14팩),132,48700
2026-10-05 15:07,98,오니스트,트리플콜라겐 1박스(14개입),1284,34900
2026-10-05 15:07,99,오니스트,[먹는콜라겐] 오니스트 트리플콜라겐 6박스(84개입),141,183500
2026-10-05 15:07,100,다신샵,빵순이에게 NO밀가루 식단빵 10팩 패키지 3종 골라담기 / 두부베이글 치즈케이크 크림빵 고로케 통밀피자 핫도그 브리또,242,28900
2026-10-05 15:07,101,일동후디스,"[선물추천] ""간편힌 단백질스틱"" 하이뮨 산양유 프로틴 스틱 19gx10입 4박스",70,51900
2026-10-05 15:07,102,일동후디스,쇼핑백증정 운동 중 파워 UP 일동후디스 하이뮨 아미노포텐 파워젤 1박스 / 고함량 아미노산 에너지젤 비타민 마라톤 러닝 운동 헬스 수영 자전거 축구,4182,20000
2026-10-05 15:07,103,잠백이,운동하는 사람을 위한 필수 아미노산 보충제 잠백이 에센셜 EAA 300g 4종,2,24900
2026-10-05 15:07,104,삼대오백,[선물추천/운동]삼대오백 WPI 웨이 프로틴 1KG 포대 단백질 쉐이크 헬스 보충제,301,62900
2026-10-05 15:07,105,삼대오백,"""신규맛 출시 대용량"" 삼대오백 오리지널 EAA 700g 1통 [헬스 운동 BCAA EAA 단백질 ]",368,59900
2026-10-05 15:07,106,플라이밀,[기프트세트]플라이밀 단백질 프로틴 식사대용 쉐이크 9종 (본품+텀블러+엽서+선물포장),12421,34500
2026-10-05 15:07,107,건강식품,"""단백질음료"" 테이크핏 맥스 24G 250mL 혼합세트 (고소한맛 12개+초코맛 12개)",230,32900
2026-10-05 15:07,108,한끼통살,[한끼통살] 곤약현미볶음밥 5팩 (4종/택1),321,11900
2026-10-05 15:07,109,삼대오백,글루타민 300g 삼대오백 헬스 운동 회복 보충제 아미노산 운동하는 남친 선물,865,19900
2026-10-05 15:07,110,삼대오백,삼대오백 WPC 1KG 패키지 헬스 운동 단백질 프로틴,1915,54900
2026-10-05 15:07,111,한끼통살,[한끼통살] 곤약현미볶음밥 10팩 (4종/택1),521,21900
2026-10-05 15:07,112,GNM자연의품격,GNM 수용성 리포좀 커큐민 플러스 강황 30정 X 2박스(총 2개월분) / 1정당 커큐미노이드 200mg 함유,99,28900
2026-10-05 15:07,113,CJ웰케어,NEW 로우슈가 [식물성 멜라토닌] 1mg 구미 젤리 멜라메이트 1박스 (로우슈가/오리지널 중 택1),6449,9900
2026-10-05 15:07,114,한끼통살,[한끼통살] 치밥/후식/영양 주먹밥 10종 택1(10팩),456,15900
2026-10-05 15:07,115,랩노쉬,1억병 판매 돌파 애사비소다 [클룹] 애사비소다 500ml 13종 12개 골라담기,447,17900
2026-10-05 15:07,116,다신샵,간식먹고 힘내 입터짐방지스낵 25종 마음대로 골라담기 / 식단과자 단백칩 콘칩 프로틴바 곤약팝콘 쉐이크 초코,2517,14900
2026-10-05 15:07,117,푸라닭(배송),푸라닭에 빠져든닭 [푸라닭] 소스 닭가슴살 4종 10팩 + 주먹밥 1팩 증정,307,31900
2026-10-05 15:07,118,다신샵,단백질 보충 단백질25g 단백질쉐이크 단백한끼 더블크런치 2종 1주세트 (7팩) / 50g 대용량 저당식 한끼식사,24,26900
2026-10-05 15:07,119,에스더포뮬러,5억장 판매신화 [전용 선물 패키지] 여에스더 글루타치온 필름 3X 3개입 선물세트 (총 90매),41,77900
2026-10-05 15:07,120,비타민하우스,"오늘도 힘내! 지친 너에게 활력 선물 활력충전! 아르기닌 가장 센스있는 선물, 글루타민 아르기닌 6000 2박스 선물 포장 / 메세지 카드 / 생일/ 축하",1884,26900
2026-10-05 15:07,121,다신샵,단백질 충전 단백할시간 통곡물 프로틴바 블랙&화이트 2박스(35gx20개입) 에너지바 운동간식 식단,155,27900
2026-10-05 15:07,122,삼대오백,"[신규맛 출시]삼대오백 WPI 단백질 1kg 6종 분리유청단백질 프로틴,파우더,헬스,운동",4226,65900
2026-10-05 15:07,123,마이프로틴,"유럽 NO.1 마이프로틴 드링크 340ml, 2종 24개",41,67300
2026-10-05 15:07,124,뉴트리원,"비비랩 듀얼샷 [뉴트리원] 비비랩 올리브 레몬 듀얼샷 (2박스 / 20포) / 올레샷, 올리브오일, 레몬즙",713,43000
2026-10-05 15:07,125,네네치킨(배송),[네네치킨] 저당 실온 닭가슴살 패키지,4,18900
2026-10-05 15:07,126,꼬박꼬밥,단독/쇼핑백 꼬박꼬밥 고단저당 단백질 쉐이크 선물세트,239,26900
2026-10-05 15:07,127,삼대오백,[건강 선물] 삼대오백 아르기닌 6300 22g 1BOX 15포 활력 헬스 에너지,498,18900
2026-10-05 15:07,128,올바른,"역가수치 50만"" 올바른 곡물효소 프로바이오틱스 블랙 1상자 90포 + 곡물효소 블랙 6포 증정 + 쇼핑백증정",28259,21900
2026-10-05 15:07,129,크런틴,[골라담기] 크런틴 크런치볼 단백질쉐이크 2박스 50g x 10포,8,59000
2026-10-05 15:07,130,허닭,식단관리 추천템 허닭FIT 저염 고단백 통 닭가슴살 100g 3종 12팩,461,32900
2026-10-05 15:07,131,밀잇,요즘대세 선물 밀잇 포켓형 단백질 쉐이크 7개입 세트 11종 택1,526,24500
2026-10-05 15:07,132,삼대오백,글리펌프 월클펌프 15포씩 삼대오백 펌핑팩 헬스 운동 전 필수 부스터 카페인 선물,472,34900
2026-10-05 15:07,133,CJ웰케어,열대야 선물 (편안한 밤)식물성 멜라토닌 2mg 구미 젤리 멜라메이트 1박스 (20구미) 수험생/직장인 선물,4463,12900
2026-10-05 15:07,134,메디트리,곡물 효소 38발효효소 3g 30포 소화 효소 곡물효소 아밀라아제 프로테아제,317,13800
2026-10-05 15:07,135,대상웰라이프,에너지젤프로 파인애플맛 체험팩 증정 1등 운동러 필수템 뉴케어 스포식스 에너지젤2종(청포도맛/복숭아맛) 총 2BOX(16포),4817,29900
2026-10-05 15:07,136,네이처드림,[선물박스] 지중해 트리플 올리브오일 식물성캡슐(500mg x 3캡슐) 14포 2박스,14,25900
2026-10-05 15:07,137,랩노쉬,식후컷!최고함량 [닥터랩노쉬] 리얼 애사비 쏙젤리 1박스(14개입) 저당 애플사이다비니거 젤리,562,19900
2026-10-05 15:07,138,프롬바이오,고순도글루타치온 [프롬바이오 본사공식] 흡수 빠른 리포좀 글루타치온 필름 30일분 +라즈베리향  직장인선물,39,29900
2026-10-05 15:07,139,건강식품,"건강선물 ""영양만점"" 하루한포 간편식사 20가지 곡물을 담은 고소한 미식쉐이크 7일 선물세트",82,22400
2026-10-05 15:07,140,대상웰라이프,마라톤 완주 응원 선물세트 뉴케어 스포식스 운동 전후 체험팩 6종 세트(에너지젤3종+부스터젤+리바이탈 드링크+클리어샷),24,15900
2026-10-05 15:07,141,순수식품,"""상큼한 레몬맛"" 고함량 아르기닌 10000 1박스(100포) 분말 타우린",650,24900
2026-10-05 15:07,142,설빙(배송),할머니가 타주시던 그 맛!! 설빙 맛있는 옛날 미숫가루 50개입,130,18900
2026-10-05 15:07,143,밀잇,급찐급빠템 밀잇 단백질쉐이크 파우치 스타터팩 7가지맛 총7포,1,26900
2026-10-05 15:07,144,퍼니트,에너지부스터 고함량 L-아르기닌 파워업 6000 2박스 (30포),1092,17900
2026-10-05 15:07,145,건강식품,"""맑은 몸 만들기"" 자연채움 하루애 1생식 스페셜 30g*28포(4주분)+마이보틀",99,29800
2026-10-05 15:07,146,뉴트리원,"비비랩 듀얼샷 [뉴트리원] 비비랩 올리브레몬 듀얼샷 (1박스 / 10포) / 올레샷, 올리브오일, 레몬즙",65,23300
2026-10-05 15:07,147,다신샵,탄수DOWN '식단간식' 통밀당 시카고씬피자 8종 5+5팩 골라담기,231,27300
2026-10-05 15:07,148,영라뉴,영라뉴 프로틴 핏 쉐이크 7종 장영란 단백질 (곡물흑임자&코코아&스위트콘&피스타치오&쑥라떼&달콤빙수맛&믹스라떼),350,29000
2026-10-05 15:07,149,동국제약,임신준비 출산선물 신혜선PICK 동국제약 마이핏V 콜린 이노시톨 4000 1박스+쇼핑백 / 임신준비 출산 결혼신혼선물,4465,24900
2026-10-05 15:07,150,다신샵,단백질 충전타임 단백할시간 통곡물 프로틴바 카카오&솔티드피넛버터&초코퍼지 1박스(60gx8개입) 초콜릿 에너지바 운동간식 헬스,115,19900
2026-10-05 15:07,151,알파원,"""전해질&수분충전"" 블랙컴뱃 x 옵티젠 알파원 전해질 파우더 30포 (+블랙컴뱃 팔찌)",5704,29900
2026-10-05 15:07,152,셀렉스,맛있고 든든한 프로틴 6개입 너츠바/베리오트 택1,31,10900
2026-10-05 15:07,153,익스트림,쇼핑백 증정 활력 선물 익스트림 듀얼 아르기닌 플러스 240정 (4개월분) + 쇼핑백 증정,513,32900
2026-10-05 15:07,154,삼대오백,"[운동/헬스] NEW 삼대오백 WPI웨이 분리유청 단백질 보충제 프로틴 2kg 1통 (초코,쿠앤크)",188,115000
2026-10-05 15:07,155,바르닭,바르닭 닭가슴살 말고 닭다리살 패키지 (총 12팩),69,33900
2026-10-05 15:07,156,CJ웰케어,응원담은 활력선물 [고함량 에너지] 블랙99 흑삼 아르기닌 & 타우린 1박스 (블루베리맛),12893,12500
2026-10-05 15:07,157,파지티브호텔,"산도 0.1 [파지티브호텔] 지중해 올리브오일 캡슐 쿠파주 (1box / 2캡슐, 30포)",1232,32000
2026-10-05 15:07,158,그레인온,[그레인온] 골드 파로효소 캡슐레이션 3개월(+선물포장)+쇼핑백 +고단백질바 증정,309,61900
2026-10-05 15:07,159,동아제약,"""USA NO.1 BCAA"" 엑스텐드 제로슈가 포도맛 고함량 bcaa 7,000mg 10서빙 (1서빙X10포)",24,17900
2026-10-05 15:07,160,종근당건강,종근당건강 아임비타 멀티비타민 멀티비타민 아르기닌샷 레몬맛(액상+정제 2정) 14포,211,22900
2026-10-05 15:07,161,뉴케어,카카오 단독제품 '선물하기 단독' 완전균형영양식 간편한끼 뉴케어 구수한맛 7입+오트아몬드 7입 14개입(1BOX),4852,32900
2026-10-05 15:07,162,플라이밀,"과일맛 라이블링 애사비 파사비 푸룬 클렌즈 1박스 30포, 6종 택1",1891,27900
2026-10-05 15:07,163,허닭,식단관리 응원 허닭 간편 도시락 8종 세트,608,34900
2026-10-05 15:07,164,잠백이,아르기닌 6000mg 운동 전 헬스부스터 잠백이 펌프 아르기닌 70ml x 30개입,3,35500
2026-10-05 15:07,165,마이프로틴,"유럽 NO.1 마이프로틴 드링크 340ml, 2종 12개",59,36800
2026-10-05 15:07,166,알디콤,[1포 추가 증정] 알디콤Plus 숙취해소제 5포입 1개,119,13900
2026-10-05 15:07,167,네이처드림,역가수치 100만 [선물박스] 골드 카무트 브랜드밀 함유 발효효소 30포 2박스/고함량/고역가/곡물효소,96,29900
2026-10-05 15:07,168,베노프,피티쌤 추천 부드러운 초코바로 단백질 충전! 베노프 단백질바 1BOX (10개입)_행사,892,26900
2026-10-05 15:07,169,GNM자연의품격,운동하는 당신을위한 GNM 아르기닌 6200 타우린 L카르니틴 오르니틴 2박스(총 30포) /블랙마카,2876,29900
2026-10-05 15:07,170,대웅제약,에너지업 젤리 선물 [대웅제약] 에너씨슬 집중샷 10입 샤인머스캣맛 오렌지맛 택1 /잠깨는젤리 식물성카페인 아르기닌 비타민B 직장인선물,285,27900
2026-10-05 15:07,171,아젠다,단독+포장 아젠다 스위스산 프레스티지 글루타치온 프리미엄 2개입 스페셜 기프트 패키지 SET,1873,59000
2026-10-05 15:07,172,타이거모닝,[간편한 아침 루틴 선물] 커큐민 진저샷 10포 (메시지 참 증정),166,26900
2026-10-05 15:07,173,아일로,선물하기 1등콜라겐 아일로 뮤신 콜라겐 젤리 20포 + 선물용 쇼핑백 증정,3167,29900
2026-10-05 15:07,174,삼대오백,[운동 보충제]최고의 인기 조합 BCAA오리지널+크레아틴 300g 헬스 활력 부스터,824,37900
2026-10-05 15:07,175,GNM자연의품격,[멜라토닌+마그네슘+테아닌+트립토판] GNM 식물성 멜라토닌 5mg 함유 2박스 (2개월분) + 멜라토닌 젤리,1109,31900
2026-10-05 15:07,176,익스트림,선물포장 맛있는 활력 선물 익스트림 김종국 아르기닌 젤리스틱 블루베리맛 (14포) + 선물포장,13789,19900
2026-10-05 15:07,177,삼대오백,"""헬스 데일리 패키지"" 삼대오백 크레아틴 정제120정+바이퍼 12캔[ 헬스 운동  간편 부스터 아르기닌]",41,29900
2026-10-05 15:07,178,셀렉스,산양유 단백질 오스트라라이프 선물세트 (360g X 2캔+텀블러),1,56900
2026-10-05 15:07,179,빙그레,"""프로틴 간식"" 더단백 파우더 초코, 곡물 14개입 프로틴 쉐이크",185,33000
2026-10-05 15:07,180,헐그리,유산균 스무디 350g 선물세트 (2개입),29,62900
2026-10-05 15:07,181,다신샵,모짜렐라 듬뿍~ 저당 곤약현미떡마리 100g 3종 9팩 / 곤약찰바,506,19900
2026-10-05 15:07,182,셀렉스,마시는 단백질 프로틴 음료 190ml 24입 (오리지널/로우슈거 택1),16,31900
2026-10-05 15:07,183,삼대오백,프로패키지 EAA+크레아틴+*바이퍼 12캔* [삼대오백 헬스 운동 부스터 BCAA 아르기닌],375,48900
2026-10-05 15:07,184,다신샵,체중조절 식단 저당 다신현미밥상 10종 10팩세트 / 냉동도시락 식단관리,424,43900
2026-10-05 15:07,185,헐그리,유산균 스무디 350g,48,34900
2026-10-05 15:07,186,허닭,허닭ON 촉촉 퐁당 실온 닭다리살 120g 3종 12팩,13,40900
2026-10-05 15:07,187,프롬바이오,"든든한 에너지 충전 [리뷰이벤트] 아미노맥스 에너지젤 2520 20포+2포 팔라티노스 9,000mg 아르기닌 BCAA 아미노산 러닝 + 친구 생일",94,37900
2026-10-05 15:07,188,다신샵,한달식단 패키지 (30팩) / 닭가슴살 닭안심살 통살 현미밥 주먹밥 김밥 볶음밥,34,49900
2026-10-05 15:07,189,닥터데이알,편안한 밤 수면템 식물성 멜라토닌 3mg 멜라시럽 2박스 (+ 딥 나잇 티 1박스),37,62800
2026-10-05 15:07,190,한끼통살,헬창저격케이크 [선물포장] 한끼통살 닭가슴살케이크 15종(통살10입+그릴드5입),639,36900
2026-10-05 15:07,191,닥터데이알,[1+1] 무카페인 편안한 밤 흑하랑상추 딥 나잇 티 (+ 딥 나잇 티 1박스 추가 증정),6,25800
2026-10-05 15:07,192,한끼통살,[한끼통살] 한끼통살 맛보기 닭가슴살 21일 식단관리+(증정)현미크리스피 닭가슴살 오리지널맛 1개,432,56500
2026-10-05 15:07,193,삼대오백,크레아틴 300g+바이퍼 6캔 삼대오백 헬스 운동 시작 선물세트 아르기닌 카페인 건강,1281,20900
2026-10-05 15:07,194,CJ웰케어,(열대야 대비) CJ 식물성 멜라토닌 2mg 함유 다이렉트 필름 28매,10,27900
2026-10-05 15:07,195,한끼통살,[한끼통살] 치밥 주먹밥 3종 택1(10팩),231,14900
2026-10-05 15:07,196,동국제약,"""편안한 밤을 위해"" 동국제약 마이핏 100% 식물성 멜라토닌 함유 멜라민즈 2박스+쇼핑백",5101,29900
2026-10-05 15:07,197,삼대오백,[맛.간.닭]삼대오백 맛있고 간편한 실온 닭가슴살 100g 10팩 신규맛 출시 고단백질,2239,29900
2026-10-05 15:07,198,동국제약,레몬즙7포추가 동국제약 유기농 엑스트라버진 올리브오일 2박스+유기농 레몬즙 2박스 올레샷 세트+레몬즙7포증정,4521,39900
2026-10-05 15:07,199,허닭,골라먹는 재미 허닭 잡곡밥도시락 10팩 혼합세트,1484,39900
2026-10-05 15:07,200,종근당건강,종근당건강 아임비타 멀티비타민 글루타치온샷 망고맛 28포,5,42900
2026-10-05 15:07,201,랩노쉬,BEST 프로틴 [랩노쉬] 프로틴 드링크 퍼펙트 미니 260ml 12개입 (초코/바나나),206,24900
2026-10-05 15:07,202,오니스트,[선물하기 단독 파우치] 오니스트 이너뷰티 스타터 세트(14개입) / 직장인& / 트리플콜라겐&트리플샤인 중 택 1,1192,36900
2026-10-05 15:07,203,다신샵,탄수DOWN 저당 오늘은현미주먹밥 100g 10종 20팩 / 식단관리,208,32900
2026-10-05 15:07,204,삼대오백,"""에너지 충전 UP"" 삼대오백 활력 에너지드링크 아르기닌 바이퍼 12캔 355ml 헬스 운동 제로 카페인 선물",323,17800
2026-10-05 15:07,205,베노프,"""찐~한 초코바st 식단템"" (청키초콜릿/ 트러플피넛버터초콜릿) 베노프 단백질바 라이트 1BOX(10개입)_행사",346,20000
2026-10-05 15:07,206,뉴트리디데이,"선물세트 ""건강선물로 딱!"" 리얼 유기농 올리브 레몬샷 100% x 2박스 총 28포 + 선물세트 케이스 문구 택1",52,28900
2026-10-05 15:07,207,푸라닭(배송),맛있게 득근가능 [푸라닭] 단백질 듬뿍 시그니처 소스 통 닭가슴살 4종 12팩 + 용기증정,1303,33900
2026-10-05 15:07,208,삼대오백,[운동/선물]삼대오백 BCAA오리지널+ 글루타민300g 제로 아미노산 헬스,238,34900
2026-10-05 15:07,209,허닭,초간편! 허닭ON 촉촉 실온 닭가슴살 120g 6종 12팩,128,32900
2026-10-05 15:07,210,베노프,시리얼토핑 MAX! 단백질쉐이크 600g (카라멜너티초코/초콜릿/미숫가루 등) 8종 중 택1 (+보틀증정)*_행사,1182,33900
2026-10-05 15:07,211,삼대오백,"""에너지드링크"" 삼대오백 바이퍼 24캔 355ml 헬스 운동 제로 카페인 집중 응원 선물",185,29900
2026-10-05 15:07,212,그레인온,[그레인온] 파로 저당 견과류바 (10개입) x 2박스 +쇼핑백 증정,27,27900
2026-10-05 15:07,213,일동후디스,쇼핑백증정 포텐MAX 파워UP 일동후디스 하이뮨 아미노포텐 파워에너지 1박스(10입)/프로선수용 에너지젤 고함량 아미노산 마라톤 러닝 운동 헬스 야구,60,35900
2026-10-05 15:07,214,그레인온,[그레인온] 파로효소 레드 캡슐레이션 3개월분+5포추가+쇼핑백 증정,118,42000
2026-10-05 15:07,215,셀렉스,프로핏 100% WPI 프로틴 음료 330ml 12팩 초콜릿,46,28900
2026-10-05 15:07,216,익스트림,텀블러 증정 운동회복 추천 익스트림 BCAA 타우린 7000+ 300g + 텀블러 증정,288,25900
2026-10-05 15:07,217,랩노쉬,고단백 간식 추천 [랩노쉬] 단백쿠키 20개입 (5종혼합/더블초코/피넛버터/아몬드앤그린티/리치코코넛),1230,23900
2026-10-05 15:07,218,GNM자연의품격,GNM 애사비 애플 사이다 비니거 사과 식초 젤리 포켓 14포 X 1박스/ 사과주스 구미,10,12900
2026-10-05 15:07,219,일동후디스,"고단백 음료선물추천 ""고단백 단백질 균형영양"" NEW 하이뮨 프로틴 밸런스 음료 190ml 2box",172,38500
2026-10-05 15:07,220,푸드올로지,역가수치 100만 푸드올로지 브로멜라인 파인올로지 효소 28포(1박스),248,29800
2026-10-05 15:07,221,뉴트리원,비비랩 더 엘라스틴 2박스(60포/2개월분),149,35000
2026-10-05 15:07,222,CJ웰케어,식물성 멜라토닌 1mg 구미 젤리 멜라메이트 3박스 (60구미) 수험생/직장인 선물,18,31900
2026-10-05 15:07,223,알디콤,[단독 한정판/쇼핑백 선물] 빵빵이 스트레스볼 랜덤증정 + 알디콤A 숙취해소제 12포입 1박스,2943,29800
2026-10-05 15:07,224,아젠다,단독+포장 아젠다 스위스산 프레스티지 글루타치온 기프트 패키지 SET,4597,34900
2026-10-05 15:07,225,뉴트리원,"감사카드증정 [뉴트리원] 비비랩 올리브 레몬 밸런스샷 (1박스 / 7병) / 올레샷, 올리브오일, 레몬, 듀얼샷",2689,21900
2026-10-05 15:07,226,익스트림,1포 추가 증정 저당 고단백 익스트림 다이어트 단백질쉐이크 3가지맛 택1(곡물맛/초코맛/제주녹차맛),1054,24500
2026-10-05 15:07,227,다신샵,코끼리보다 맛있어! 성수동제빵소 쫄깃 두부베이글 6종 6팩 / 단백질13g 프로틴빵,376,24900
2026-10-05 15:07,228,플라이밀,2주세트 플라이밀 단백질쉐이크파우치 14가지맛 1세트+초코맛1포 증정,344,45900
2026-10-05 15:07,229,동국제약,기능성 아르기닌 동국제약 고함량 혈행 N 아르기닌 마스터 6000mg 1박스(7병),21908,12900
2026-10-05 15:07,230,에스더포뮬러,간편한 건강습관 [유기가공식품 인증]  여에스더 프리미엄 유기농 ABC주스 1박스 (14팩),6,25000
2026-10-05 15:07,231,푸드올로지,"[식습관 리셋/식이섬유 10g] 든든하게 채우는 비움 루틴, 마시는 파이버맥싱",19,27800
2026-10-05 15:07,232,일동후디스,러닝/마라톤 필수템 일동후디스 하이뮨 아미노포텐 러너패키지 1팩 /고함량 아미노산 마라톤 러닝필수템 축구 골프 헬스 에너지겔 에너지젤,21,12900
2026-10-05 15:07,233,이너시아,맛있는 여름 관리템 [단독 사은품] 카이스트 개발 4세대 이노시톨 14포 (+안내카드),4800,30800
2026-10-05 15:07,234,허닭,식단관리 추천템 허닭FIT 다이어트 저당 도시락 260g 5종 5팩,105,25900
2026-10-05 15:07,235,삼대오백,[운동/건강선물] 삼대오백 페루산 블랙마카 활력 액상스틱 2000mg,157,19900
2026-10-05 15:07,236,네이처드림,식물성 멜라토닌 5mg함유 템포 플러스 500mg 30정 1박스+쇼핑백/타트체리/테아닌/트립토판,8,10900
2026-10-05 15:07,237,휴닉,휴닉 베지어트 식물성 단백질쉐이크 810g + 보틀증정 선물세트,172,39900
2026-10-05 15:07,238,다신샵,100% 자연치즈 저당 통밀 피타브래드 샌드위치 2종 6팩 골라담기 / 시금치바질토마토,2,23900
2026-10-05 15:07,239,건강식품,"""단백질음료"" 테이크핏 맥스24G 초코맛 250mL 12입",49,24000
2026-10-05 15:07,240,삼대오백,[헬스/운동] 삼대오백 크레아틴 츄어블90정 레몬맛,71,29900
2026-10-05 15:07,241,다이어트식품,SINCE 1997 그린몬스터 헐리우드48시간 947ml 1병 (2일안에 끝나는 원조 클렌즈),198,30000
2026-10-05 15:07,242,오니스트,[건강/부모님선물] [Eternal Beauty] 트리플콜라겐 기프트 세트 (28개입),587,69700
2026-10-05 15:07,243,랩노쉬,13가지 맛으로 즐기는 애사비 [클룹] 애사비소다 500ml 13종 24개 골라담기,218,30900
2026-10-05 15:07,244,GNM자연의품격,"""멜라토닌 2mg 함유"" GNM 로우슈가 멜라루나 구미 젤리 3박스(총 90+7구미) / L-테아닌 [7일분+수면안대 증정]",1,39900
2026-10-05 15:07,245,삼대오백,월클패키지 EAA+크레아틴+*바이퍼 24캔*+*월클부스터 포도* [삼대오백 헬스 운동 BCAA 아르기닌],71,99000
2026-10-05 15:07,246,마이프로틴,유럽 NO.1 마이프로틴 버라이어티팩 전제품 12종 맛보기 SET (쉐이크 7팩 + 바 3팩 + 드링크 2개) 식사대용 간식,41,39900
2026-10-05 15:07,247,프로티원,"프로티원 단백질 쉐이크 파우치 14팩 (곡물,초코,녹차,흑임자,커피,딸기,얼그레이 밀크티)",29,46900
2026-10-05 15:07,248,CJ웰케어,정성담은 활력선물 [고함량 에너지/수험생] 블랙99 흑삼 아르기닌 & 타우린 3박스 (블루베리맛),4012,30700
2026-10-05 15:07,249,뉴케어,프리미엄 균형영양식 대상웰라이프 뉴케어 당플랜 클래식 호두맛/인절미맛 200ml 16입(1BOX) 2종 택1,94,38900
2026-10-05 15:07,250,알디콤,"[단독구성/쇼핑백 선물] 알디콤 숙취해소제 AVP 3종, 총 15포입",38,28900
2026-10-05 15:07,251,대웅제약,지친하루 회복선물! 대웅제약 에너씨슬 회복샷 10개입 [식물성 멜라토닌+테아닌] (타트체리맛) 직장인/수험생 선물,3467,29900
2026-10-05 15:07,252,뉴트리디데이,"선물포장/문구선택 ""에너지 부스트"" L아르기닌 1000mg 1병 + 블랙마카 파워 2000 1병 + 선물케이스 택1",2663,23900
2026-10-05 15:07,253,일동후디스,"""단백질 31g"" 하이뮨 프로틴 밸런스 액티브 다크초코(330ml*12입) 1박스",320,29900
2026-10-05 15:07,254,허닭,너무너무 고맙닭 허닭 닭가슴살 럭키세븐 패키지,1452,14900
2026-10-05 15:07,255,랩노쉬,하루 끝에서 만나는 릴렉싱 음료 [클룹] 오프아워 식물성 멜라토닌 5mg 함유 탄산음료 350ml 3종 24개,16,39900
2026-10-05 15:07,256,캔틴나인,"백만역가 프리미엄 서퍼데이 브이효소 바나나우유맛 , 여성선물 만족도 100% (가족/엄마/여친선물) 30포",6602,23800
2026-10-05 15:07,257,글루어트,간편한 포켓샐러드 [글루어트] 베지스타터 식이섬유 유산균 3종 택1 (자몽맛/요구르트맛/사과맛),5182,30000
2026-10-05 15:07,258,랩노쉬,"52g 고단백 [랩노쉬] 프로틴 드링크 맥스 400ml 12개입 (라떼,초코,딸기)",1272,45900
2026-10-05 15:07,259,노티드(건강),맛있는 납작복숭아맛 [리유저블백 증정] 노티드 촉촉 제로슈가 콜라겐앰플 1박스 7개입 + 쇼핑백 증정 / 납작복숭아맛 콜라겐 히알루론산,3885,20000
2026-10-05 15:07,260,삼대오백,"BCAA PRO 500g 아미노산 ""운동하는 친구에게"" 삼대오백 헬스 운동 부스터 글루타민 보충제",133,31900
2026-10-05 15:07,261,푸라닭(배송),치킨 대신 득근 [푸라닭] 치킨 대신 닭가슴살 패키지,235,17900
2026-10-05 15:07,262,헬스보충제,[킹콩팩토리] 머슬킹콩 131 프로틴 2kg (초코),365,42900
2026-10-05 15:07,263,동국제약,"""썸머버닝"" 동국제약 마이핏 파라다이스 그레인 버닝 56정 2박스",3163,28900
2026-10-05 15:07,264,플라이밀,새콤달콤 라이블링 애사비 파사비 푸룬 클렌즈 스타터팩 6가지맛 총30포,499,29900
2026-10-05 15:07,265,플라이밀,간편한끼 플라이밀 마녀스프 6팩 (치킨2+비프2+마라2),110,39900
2026-10-05 15:07,266,프로티원,프로티원 단백질 쉐이크 파우치 7팩 7종 택1,74,26900
2026-10-05 15:07,267,알디콤,[1포 추가 증정] 알디콤A 숙취해소제 5포입 1개,233,11900
2026-10-05 15:07,268,GNM자연의품격,GNM 마시는 알부민 맥스 3박스 아르기닌 타우린 비타민B,4915,27900
2026-10-05 15:07,269,푸드올로지,"[48시간 리셋] 중요한 날 전 가벼운 비움, 클렌즈 주스 3종 택1",3890,24800
2026-10-05 15:07,270,티지알앤,맛있는 ABC GRN 달달한 저칼로리 ABC 하루톡 곤약젤리 1BOX (60EA) + 쇼핑백 증정 자연과 ABC 하루톡 곤약젤리 150g,17,59900
2026-10-05 15:07,271,삼대오백,[선물/친구선물]삼대오백 크레아퓨어 크레아틴 모노 하이드레이트 컴팩트 45g 건강 운동 헬스,18,9900
2026-10-05 15:07,272,다신샵,식사대용 프로틴 단백질18g 고단백쉐이크 단백한끼 5종 10+10팩,394,38900
2026-10-05 15:07,273,일동후디스,"운동 단백질음료선물 ""운동하는 애인 단백질음료 선물"" 하이뮨 프로틴 밸런스 액티브 밀크쉐이크 ZERO 250ml 2box",60,59400
2026-10-05 15:07,274,꼬박꼬밥,단독/쇼핑백 [1+1][신상]꼬박꼬밥 플러스 단백질쉐이크 선물세트,17,42000
2026-10-05 15:07,275,오니스트,트리플샤인 포도 1박스(14개입),403,34900
2026-10-05 15:07,276,삼대오백,[선물/단독] 삼대오백 크레아틴 츄어블18정 X 2통 선물포장 레몬맛 건강 헬스 운동,3098,16900
2026-10-05 15:07,277,푸드올로지,[20g 고단백 프로틴 쉐이크] 헤이 그로우 7개입 / 검은콩 검은깨 하수오 비오틴,3850,29800
2026-10-05 15:07,278,마이프로틴,마이프로틴 단백질 쉐이크 파우치 45g 7팩 x 2세트 / 7종 택1,14,49900
2026-10-05 15:07,279,삼대오백,"[1+1 / 총 2통] 삼대오백 블랙마카 기력회복 120정 2통 (헬스,운동,흑마늘,야관문,흑삼)",115,39800
2026-10-05 15:07,280,네이처드림,한 포로 섭취하는 [올토샷4포 키트증정] 리얼 유기농 올리브오일 레몬즙 올레샷 20ml 14포 2박스+선물박스/폴리페놀,79,24900
2026-10-05 15:07,281,한끼통살,[한끼통살] 마녀스프 5종 택1(5개),130,22400
2026-10-05 15:07,282,건강식품,칼칼한 환절기에 데일리온 프로폴리스 포도당 캔디 100정 x 1개,8,11900
2026-10-05 15:07,283,슬림웨이,역가수치 120만 슬림웨이 카무트 브랜드밀 발효효소 30포 X 3박스 (3개월분) + 쇼핑백 증정,123,40900
2026-10-05 15:07,284,대상웰라이프,에너지젤프로 파인애플맛 체험팩 증정 1등 운동러 필수템 뉴케어 스포식스 에너지젤3종 택1 1BOX(8포),201,16900
2026-10-05 15:07,285,GNM자연의품격,힐링 선물 [멜라토닌+마그네슘+테아닌+트립토판] GNM 식물성 멜라토닌 5mg 함유 1박스 (1개월분) / 비타민B 아연,84,17900
2026-10-05 15:07,286,헬스보충제,[킹콩팩토리] 머슬킹콩 152 게이너 3kg (초코),63,44900
2026-10-05 15:07,287,랩노쉬,고단백 식단간식 [랩노쉬] 단백 쿠키바 2종 24개입 (블랙쿠키/쿠키앤크림) 프로틴바,919,29900
2026-10-05 15:07,288,셀렉스,셀렉스 프로핏 100% WPI 초콜릿 파우더 대용량 1kg,312,67000
2026-10-05 15:07,289,종근당건강,종근당건강 아임비타 멀티비타민 글루타치온샷 망고맛 14포,16,22900
2026-10-05 15:07,290,글루어트,함량MAX 당류0% [글루어트] 애플사이다비니거 유기농 애사비 4종 택2 (오리지널/파인애플/타트체리/유자진저),3710,30000
2026-10-05 15:07,291,푸라닭(배송),전자레인지 증정까지 [푸라닭] 시그니처 소스 볶음밥 4종 12팩 + 용기증정,126,31900
2026-10-05 15:07,292,비거너리,[환절기 이너뷰티 선물] 달바 비거너리 '먹는 펩타이드&히알루론산' 상큼탱글 펩타이드 젤리 14포 (+기프트백 증정),58,22000
2026-10-05 15:07,293,그레인온,[그레인온] 브로멜라인 파인애플 키위효소 3개월분 + 쇼핑백 증정,78,28900
2026-10-05 15:07,294,밀잇,속세맛 선물 밀잇 식단관리 단백질 쉐이크 560g 11종 택1 (전용 보틀증정),521,29900
2026-10-05 15:07,295,메디트리,[몰티즈 에디션] 포켓 샐러드 츄어블 캔디 식이섬유 정 몰티즈 콜라보 2박스 청소년 어린이 부모님 여자친구 선물,10297,23500
2026-10-05 15:07,296,마이프로틴,"유럽 NO.1 마이프로틴 드링크 340ml, 2종 6개",42,21800
2026-10-05 15:07,297,뉴트리원,[뉴트리원] 파라다이스 그레인 부스트 1박스,5,13900
2026-10-05 15:07,298,잠백이,운동 퍼포먼스를 위한 카페인 부스터 잠백이 에너지 헬스부스터 70ml x 30개입,1,35500
2026-10-05 15:07,299,베노프,시리얼토핑 MAX! 단백질쉐이크 파우치 7개입 세트 (초콜릿시리얼/미숫가루시리얼/버터멜로우) 3종 택1_행사,264,27300
2026-10-05 15:07,300,스위치온,[단백질 보충] 스위치온 단백질 쉐이크 파우치 6개입 1세트 4가지맛 택1,4258,28800
2026-10-05 15:07,301,데일리,주디 인형 키링증정 [에코백 증정] 주토피아 에디션 데일리 콜라겐&NMN 젤리스틱 2박스+플러쉬 키링 선물세트,5512,54900
2026-10-05 15:07,302,허닭,허닭 다이어트 도시락 210g 4종 4팩,59,18900
2026-10-05 15:07,303,플라이밀,1봉당140Kcal 플라이밀 파로 오트죽 2종 7봉 (닭죽/김치참치),17,33500
2026-10-05 15:07,304,다신샵,탄수DOWN '식단간식' 통밀당 시카고씬피자 8종 8팩 골라담기,668,22900
2026-10-05 15:07,305,위키드랩,"""식약처 인정 기능성 원료"" 애플사이다비니거+프리바이오틱스 위키드랩 루비구미베어 애사비 구미 2병 (세트)/사과 라임맛*_행사",18,67000
2026-10-05 15:07,306,플라이밀,당류0g 고단백 플라이밀 크런치 단백질바 9개입 (다크초코/화이트),89,21900
2026-10-05 15:07,307,GNM자연의품격,가벼운 하루되세요 GNM 상쾌한 식이섬유 젤리 사과맛 2박스 / 난소화성말토덱스트린,69,23900
2026-10-05 15:07,308,마이프로틴,유럽 NO.1 마이프로틴 단백질 쉐이크 파우치 45g 7종 7팩,43,25900
2026-10-05 15:07,309,동화약품헬스케어,시원한여름선물추천 동화약품 부채표 제로 탄산 매실향 까스활농축액함유 소다활 500ml 24개입,3565,30000
2026-10-05 15:07,310,건강식품,"""단백질음료"" 테이크핏 맥스 24G 250mL 혼합세트 (고소한맛 12개+호박고구마맛 12개)",40,32900
2026-10-05 15:07,311,내츄럴플러스,내츄럴플러스 에너지 포도당 캔디 100정 1통 / 블루베리맛,37,10900
2026-10-05 15:07,312,휴닉,휴닉 베지어트 식물성 단백질쉐이크 서리태 810g + 보틀증정 선물세트,129,39900
2026-10-05 15:07,313,파티스마트,구미형 히말라야 파티스마트 숙취해소제 10개입 망고 1박스+[증정] 2개입 2박스+립밤 2개,36,17000
2026-10-05 15:07,314,파티스마트,파티스마트 10개입 4박스 젤리 구미형 숙취해소제+[증정] 츄루마불+2개입 4박스,5192,37000
2026-10-05 15:07,315,일동후디스,쇼핑백증정 에너지Full충전 일동후디스 하이뮨 아미노포텐 고함량 아미노산 에너지젤 비타민 마라톤 러닝 운동 헬스 수영 자전거 축구 야구 농구 1박스,4232,20000
2026-10-05 15:07,316,랩노쉬,맛있게 수분충전 [L-카르티닌&식이섬유] 랩노쉬 헤이워터 선물세트,204,21900
2026-10-05 15:07,317,대웅제약,힘나는 비타민선물 [대웅제약] 멀티비타민 에너씨슬 퍼펙트샷 글루타민+ 10입 /비타민B 밀크씨슬 직장인 응원선물,44,39900
2026-10-05 15:07,318,셀렉스,프로핏 100% WPI 프로틴 음료 330ml 12팩 코코넛,17,28900
2026-10-05 15:07,319,건강식품,[엔업] 파워젤 팔라티노스 청포도 630g(45g*14포),42,22900
2026-10-05 15:07,320,메디트리,순 유기농 올레샷 올리브 오일 레몬즙 2박스 엑스트라버진,12,24800
2026-10-05 15:07,321,삼대오백,"""For 운동하는 헬스인"" 삼대오백 인시즌 카보린 + 쉐이커(블랙) 탄수화물 게이너 보충제",358,39900
2026-10-05 15:07,322,다신샵,닭다리살 식감 닭신 오븐구이 소스닭가슴살 9종 5+5팩 골라담기,42,25900
2026-10-05 15:07,323,마이프로틴,마이프로틴 소프트 단백질 바 45g 10팩 x 2세트 / 3종 택1,2,58000
2026-10-05 15:07,324,대웅제약,급속충전 에너지젤리 [대웅제약] 에너씨슬 집중샷 10입 /잠깨는젤리 식물성카페인 아르기닌 비타민B 직장인선물,1102,27900
2026-10-05 15:07,325,꼬박꼬밥,단독/보틀증정/포장 [신상]꼬박꼬밥 플러스 단백질 쉐이크 대용량 선물세트,5674,31900
2026-10-05 15:07,326,한끼통살,[한끼통살] 치밥 주먹밥 3종 택1(5팩),117,7900
2026-10-05 15:07,327,일동후디스,"""운동하는 애인/친구 단백질 선물"" 하이뮨 프로틴 밸런스 액티브 초코 ZERO 250ml 18팩",133,35800
2026-10-05 15:07,328,아일로,탄수화물 분해 효소 아일로 카무트 브랜드밀 함유 효소 30포 x 2set,36,37800
2026-10-05 15:07,329,일동후디스,"[단백질음료 선물] ""간편하게 마시는 단백질"" 하이뮨 프로틴 밸런스 음료 1박스",226,20800
2026-10-05 15:07,330,CJ웰케어,[산리오 콜라보] 바이오코어 폼폼푸린 바나나효소 30포 1박스 /1개월분,3807,14900
2026-10-05 15:07,331,종근당,포텐겔 아미노 1박스 아르기닌 아미노산 비타민B 함유,25,19800
2026-10-05 15:07,332,한끼통살,[한끼통살] 안심 폭탄볶음밥 2종 10개입,15,49000
2026-10-05 15:07,333,일동후디스,쇼핑백/증정품 지급 응원할게 포텐UP [김민지Pick] 하이뮨 아미노포텐 2박스+체험팩/에너지젤 아미노산 BCAA 마라톤 러닝 운동 헬스 수영 자전거 축구 야구,125,39000
2026-10-05 15:07,334,삼대오백,삼대오백 과나라 카페인 알약 30정 * 100mg,56,12900
2026-10-05 15:07,335,다신샵,"""간식먹구 힘내"" 죄책감없이 다신나는간식박스 16종 선물세트 가벼운 단백질 과자",2261,26900
2026-10-05 15:07,336,허닭,허닭 닭가슴살 볶음밥도시락 250g 6종 6팩,365,28900
2026-10-05 15:07,337,다신샵,"""마성의 소스닭"" 닭신 소스닭가슴살스테이크 5종 10+10팩(갈릭치즈/치폴레/바질크림 외)",8,37900
2026-10-05 15:07,338,다신샵,95kcal 즉석밥 저당 밥이곤약 2종 1박스(20개입),108,33900
2026-10-05 15:07,339,바르닭,바르닭 소스 품은 닭가슴살 볼 5종 세트 (총 15팩),18,35900
2026-10-05 15:07,340,가농,단백이 계란흰자 99.5% 에그 프로틴 오리지널 40개입(달걀 단백질 간편식),4,36000
2026-10-05 15:07,341,파지티브호텔,물 붓기만 하면 [파지티브호텔] 지중해 그린민트 밸런스워터 (1box / 14포),2689,21000
2026-10-05 15:07,342,동국제약,동국제약 마이핏S 핑크핏 알파CD 2박스,13,26940
2026-10-05 15:07,343,휴럼,오늘도 활력충전! [휴럼] 얼티밋 트리플 아르기닌 7000 1박스 타우린 블랙마카 레몬맛 액상스틱,3692,12900
2026-10-05 15:07,344,다신샵,5종 맛보기팩 저당 곤약현미김밥 5종 5팩 / 냉동김밥 식단관리,1102,24500
2026-10-05 15:07,345,산과들에,간편든든 한끼! 더 고소한 블랙 미숫가루스틱 25gx100봉 (식사대용/총 2.5kg),1,33900
2026-10-05 15:07,346,건강식품,[엔업] 파워젤 팔라티노스 자몽 270g(45g*6포)*2세트,18,22900
2026-10-05 15:07,347,음료,박카스맛 젤리 50g x 8개입,853,11000
2026-10-05 15:07,348,홀베리,미국 삼바존 아마존 리얼 아사이베리 퓨레 2박스,3655,29900
2026-10-05 15:07,349,스키니랩,톡 터지는 비타민 스키니랩 비타톡 터뜨려먹는 맛있는 액상 멀티비타민 1박스(7개입) 하루권장량 100% 비타민샷,15,15900
2026-10-05 15:07,350,산과들에,"아침 거르지 말아요 더 고소한 미숫가루스틱 25g x 50입세트 (선식, 식사대용)",148,17900
2026-10-05 15:07,351,메디트리,메디트리 파워업 맛있는 에너지젤 2박스 러닝 마라톤,9,29500
2026-10-05 15:07,352,한끼통살,[한끼통살] 슬라이스 닭가슴살 6종 택1(100gx20팩),20,44900
2026-10-05 15:07,353,한끼통살,[한끼통살] 소소 10팩세트(통살6+소시지더블형4),43,18900
2026-10-05 15:07,354,얼라이브,얼라이브 멜라리프 식물성 멜라토닌함유 30정 2박스 (2개월분),1,29000
2026-10-05 15:07,355,한끼통살,[한끼통살] 후식 주먹밥 3종 택1(5팩),76,8400
2026-10-05 15:07,356,닥터린,[닥터린] 식물성멜라토닌 함유 멜라바인 1mg x 1박스+쇼핑백증정,38,15000
2026-10-05 15:07,357,익스트림,선물포장 하루 1포 에너지 익스트림 김종국 블랙마카 젤리스틱 청포도맛 (10포) + 선물포장,150,14900
2026-10-05 15:07,358,종근당건강,종근당건강 아임비타 비타민젤리 8개입 1박스,3,11900
2026-10-05 15:07,359,잠백이,운동 전 한 포로 펌핑하는 잠백이 글리세롤 글리펌프 소다맛 13g x 30포,0,7900
2026-10-05 15:07,360,다신샵,국내산 꿀고구마 촉촉 고구마스틱&말랭이 2종 20팩/12팩/9팩,141,24900
2026-10-05 15:07,361,가농,단백이 계란흰자 99.5% 에그 프로틴 구운맛 20개입(달걀 단백질 간편식),5,20900
2026-10-05 15:07,362,닥터데이알,[센스있는선물] TEA/티 선물세트 야근 스트레스 힐링 수면안대 딥나잇티 세트,5843,24000
2026-10-05 15:07,363,잠백이,운동인 필수 회복 아미노산 보충제 잠백이 L-글루타민 300g,0,17500
2026-10-05 15:07,364,건강식품,[엔업] 파워젤 팔라티노스 복숭아 630g(45g*14포),50,22900
2026-10-05 15:07,365,레모나,"""레모나 올레샷"" 경남제약 엑스트라버진 올리브오일 2박스(28포) + 레모나산 30포 SET +쇼핑백",6,29900
2026-10-05 15:07,366,프롬잇,"""입터짐 방지"" 속세맛 단백질과자 프롬잇 프로틴칩 12봉, 7종 (단일/혼합 맛선택)",4426,29900
2026-10-05 15:07,367,홀리데이즈,"""샐러드 14그릇 분량! 가볍게 케어"" 하루완성 식이섬유정 90정 1병",15,10900
2026-10-05 15:07,368,바르닭,선물하기 단독 바르닭 닭가슴살 볶음밥 9990원 골라담기 무료배송,23,9990
2026-10-05 15:07,369,네이처드림,간편하게! 가볍게! 리얼 유기농 올리브오일 레몬즙 올레샷 20ml 14포 1박스+쇼핑백/폴리페놀,135,12900
2026-10-05 15:07,370,대웅제약,에너지젤리 [대웅제약] 에너씨슬 집중샷 10입 X 2박스 /잠깨는젤리 식물성카페인 아르기닌 비타민B 직장인선물,111,46900
2026-10-05 15:07,371,메디트리,순 유기농 올레샷 올리브 오일 레몬즙 1박스 엑스트라버진,3443,12800
2026-10-05 15:07,372,삼대오백,[선물/운동] 삼대오백 크레아틴 츄어블18정 레몬맛 여행 간편한 섭취,10,14900
2026-10-05 15:07,373,프롬잇,"""초코먹고 힘내"" 당을 쏙 뺀 달콤한 단백질 초코간식세트 (단백질과자3개+저당초코볼2개)",4209,21900
2026-10-05 15:07,374,랩노쉬,당0g 수분충전 [랩노쉬] 맛있는 이온워터 헤이워터 3종 2박스 (20개입),64,15900
2026-10-05 15:07,375,플라이밀,"2주플랜 플라이밀 단백질쉐이크파우치 7개입 2세트, 15가지맛 택2",308,49000
2026-10-05 15:07,376,다신샵,득근! 고단백식단 닭신 닭가슴살 46종 마음대로 골라담기 / 그릴드 소스닭가슴살 닭안심살 닭다리 스테이크 소시지,159,16900
2026-10-05 15:07,377,셀렉스,면역 프로바이오틱스 스웨덴 유산균&아연 1병 (250mg 30캡슐),3,16900
2026-10-05 15:07,378,GNM자연의품격,GNM 마시는 알부민 맥스 5박스 아르기닌 타우린 비타민B,906,43900
2026-10-05 15:07,379,대웅생명과학,대웅생명과학 프리미엄 L아르기닌 7000 15포 1박스 / 국내산 아르지닌 오르니틴,75,15900
2026-10-05 15:07,380,일동후디스,"""운동하는 애인/친구 단백질 선물"" 하이뮨 프로틴 밸런스 액티브 밀크쉐이크 ZERO 250ml 18팩",312,35800
2026-10-05 15:07,381,바르닭,바르닭 특수부위 안심 닭가슴살 5종 세트 (총 5팩),6,14500
2026-10-05 15:07,382,에스더포뮬러,"캐나다 정품 카무트 100만 유닛 이상 효소 역가, 여에스더 정품 발아 카무트 함유 발효 효소 2박스",18,23820
2026-10-05 15:07,383,랩노쉬,바삭토핑 가득! [랩노쉬] 프로틴 쉐이크 7종(7종혼합/딥초코/곡물퐁/피넛버터/콘시리얼/피스타치오/딸기요거트/마롱라떼) 50g x 14포,233,48900
2026-10-05 15:07,384,삼대오백,[운동/선물추천] 삼대오백 올인원 대용량 700g 운동 전 부스터,146,59900
2026-10-05 15:07,385,랩노쉬,식후 졸음컷 [닥터랩노쉬] 리얼 애사비 클렌즈 2박스(20개입),168,19900
2026-10-05 15:07,386,다신샵,빵순아 빵먹자 NO밀가루 저탄수 식단빵 25종 마음대로 골라담기 / 프로틴빵 베이글 피타브래드 비건빵 초코파이 치즈케이크,696,24900
2026-10-05 15:07,387,CJ웰케어,맛있게 자기관리 [맛잘러 필수템] CJ 카무트 곡물콤부 저분자 효소 1박스 [화사's Pick],26,10900
2026-10-05 15:07,388,익스트림,텀블러 증정 수분충전 익스트림 수분 이온젤 7개입 X 1박스 (일주일분) + 텀블러 증정,4,10500
2026-10-05 15:07,389,농협-한삼인,맛있는 단백질 10포+10포 프로틴 데일리케어 단백질 쉐이크 + 리뷰이벤트 올리브영쿠폰 / 식사대용 단백한끼 운동간식,3966,26900
2026-10-05 15:07,390,메디슨벨,핫걸은 마샐 못참죠 메디슨벨 마시는 샐러드 3g x 14포 마샐 닥터벨 식이섬유 동결건조 하루야채 생식,90,31000
2026-10-05 15:07,391,일동후디스,"""비건인증 단백질 음료"" 하이뮨 프로틴 밸런스 액티브 식물성(250ml*18입) 1박스",52,32900
2026-10-05 15:07,392,허닭,다양한 맛 선택 허닭 닭가슴살 곤약볶음밥 250g 10종 10팩,551,29900
2026-10-05 15:07,393,다신샵,탄수화물 저감특허 저당 곤약꼬마김밥 7종 5+5팩 / 냉동김밥 식단관리,93,31900
2026-10-05 15:07,394,익스트림,선물포장 가벼운 에너지선물 익스트림 가성비 트리플 아르기닌 5000 (15포) + 선물포장,141,14500
2026-10-05 15:07,395,다신샵,단백질 충전 단백할시간 통곡물 프로틴바 블랙&화이트 1박스(35gx10개입) 에너지바 운동간식 헬스,152,15900
2026-10-05 15:07,396,랭킹닭컴,맛.없.없 꿀조합! 식단관리 선물 [랭킹닭컴] 잇메이트 빠삭 주먹밥 10팩 세트 김치치즈/소불고기/간장계란/김치/야채,35,19000
2026-10-05 15:07,397,다신샵,1.5배의 든든함 저당 오늘은'점보'현미주먹밥 150g 5종 10팩 / 식단관리,949,23900
2026-10-05 15:07,398,네이처드림,[선물박스] 지중해 트리플 올리브오일 식물성캡슐(500mg x 3캡슐) 14포 3박스,29,37900
2026-10-05 15:07,399,허닭,허닭ON 실온 50kcal 부담없는 곤약밥130g 20개 (1박스),20,39900
2026-10-05 15:07,400,칼로바이,가볍게 하루 한 개 [칼로바이] 하루견과 단백질바 30g x 18개,97,26700
2026-10-05 15:07,401,건강식품,[엔업] 파워젤 팔라티노스 사과 630g(45g*14포),26,22900
2026-10-05 15:07,402,로엘,저칼로리곤약젤리 [30팩] 로엘 팅글 저칼로리 곤약젤리 복숭아/머스캣/애플망고/요구르트/석류/제주감귤,307,20900
2026-10-05 15:07,403,허닭,신~상아닙니까! 허닭BITE 실온 저당 프로틴바 초코카라멜맛 9개 (1BOX),8,22500
2026-10-05 15:07,404,푸라닭(배송),부드럽고 촉촉한식감 [푸라닭] 닭가슴살 함박스테이크 3종 6팩,20,19900
2026-10-05 15:07,405,다신샵,단백질 충전 단백할시간 통곡물 프로틴바 카카오 1박스(60gx8개입) 초콜릿 에너지바 운동간식 헬스,357,19900
2026-10-05 15:07,406,뉴트리디데이,쏙-편한 양배추 발효 효소 30포 x 2박스 총60포,46,22900
2026-10-05 15:07,407,랩노쉬,고단백 영양간식 [랩노쉬] 단백 쿠키바 2종 12개입 (블랙쿠키/쿠키앤크림) 프로틴바,2994,16900
2026-10-05 15:07,408,메디트리,씹어먹는 애사비 오독오독 애사비 크런치 볼 30포 1박스 식초 사과초모 발효식초 혈당,5337,15500
2026-10-05 15:07,409,내츄럴플러스,내츄럴플러스 혈당컷 체지방 다이어트 60정 2박스(4개월분) / 카테킨 바나바잎추출물 비오틴,24,23900
2026-10-05 15:07,410,푸드올로지,제로 슈거 애사비 크리스피 20포(1박스) 3종 택 1 / 유기농 애플사이다비니거 초모 식초,5286,22800
2026-10-05 15:07,411,동국제약,간편하게 올레샷 동국제약 유기농 엑스트라버진 올리브오일 1박스+유기농 레몬즙 1박스 올레샷 세트,197,24900
2026-10-05 15:07,412,파티스마트,구미형 히말라야 파티스마트 숙취해소제 10개입 베리 1박스+[증정] 2개입 2박스+립밤 2개,37,17000
2026-10-05 15:07,413,삼대오백,"""For 운동하는 헬스인"" 삼대오백 글루타민 단백질 보충제 700g",99,39900
2026-10-05 15:07,414,다이어트식품,혈당컷! 체지방컷! 컷슬린 안티-스파이크 포 다이어트 1박스 30포,172,30000
2026-10-05 15:07,415,꼬박꼬밥,단독/쇼핑백 꼬박꼬밥 식사대용 단백질 쉐이크 선물세트,86,25900
2026-10-05 15:07,416,오니스트,[건강/부모님선물] [Eternal Beauty] 트리플샤인 기프트 세트 (28개입),188,69700
2026-10-05 15:07,417,한끼통살,[한끼통살] 마녀스프 5종 택1(10개),72,43900
2026-10-05 15:07,418,삼대오백,[선물추천/식단관리]삼대오백 청크 저당 그래놀라 프로틴 시리얼 200g 오리지널 카카오 2가지맛,4931,12900
2026-10-05 15:07,419,랩노쉬,바삭 토핑 가득 [랩노쉬] 프로틴 쉐이크 스타터팩 7종 7개입,129,27500
2026-10-05 15:07,420,동국제약,엄마선물세트 동국제약 저분자 액상 콜라겐 앰플 부스터샷 2박스(총28병) 4000mg 선물세트 / 선물 피부 건강,66,37900
2026-10-05 15:07,421,메디트리,마시는 샐러드 분말 클렌즈 1박스 식이섬유 파이토 케미컬 영양제 케일 피토 그린,3648,15500
2026-10-05 15:07,422,아일로,아일로 화이타치온 (4g X 30포),272,34000
2026-10-05 15:07,423,셀렉스,셀렉스 프로핏 100% WPI 프로틴 음료 330ml 24팩 초콜릿/코코넛/복숭아,592,67800
2026-10-05 15:07,424,CJ웰케어,벨리곰X이너비 콜라겐 스틱/ 아쿠아 히알루론산 스틱/ 톤업 글루타치온 스틱 1박스(30포),15,28900
2026-10-05 15:07,425,한끼통살,[한끼통살] 오븐 순살 닭다리 8종 택1(10팩),115,31200
2026-10-05 15:07,426,마이프로틴,마이프로틴 단백질 드링크 6개 (340ml) + 단백질바 10개(45g) 세트,2,40900
2026-10-05 15:07,427,대상웰라이프,온가족 영양한잔 대상웰라이프 영양한잔 고칼슘 두유 150ml 24입(1BOX),10,12900
2026-10-05 15:07,428,플라이밀,라이블링 애사비 소다 500ml 6병 x 2세트 (총 12병),1,23400
2026-10-05 15:07,429,허닭,달걀1.9개분량 허닭BITE 실온 바삭 담백한 닭가슴살칩 25g 5팩,7,16900
2026-10-05 15:07,430,허닭,칠리부터 바베큐까지 허닭 소스 듬뿍 닭가슴살 15팩 패키지 (+전자렌지용기 증정),489,29900
2026-10-05 15:07,431,건강식품,"""단백질음료"" 테이크핏 맥스24G 250mL 4종 혼합세트 (12개+12개) (초코맛/고소한맛/바나나맛/호박고구마맛)",14,32900
2026-10-05 15:07,432,프롬잇,"""입터짐 방지"" 속세맛 단백질과자 프롬잇 프로틴칩 7가지맛 총 7봉 버라이어티팩",119,19900
2026-10-05 15:07,433,한끼통살,[한끼통살] 닭가슴살볼 5종 택1(10개입),111,19900
2026-10-05 15:07,434,CJ웰케어,[신제품/체험] CJ 맥플랜 식이섬유 데일리 프로틴 쉐이크 초코2입/딸기요거트2입/피넛버터1입 총 5입구성,3904,17500
2026-10-05 15:07,435,일동후디스,어린이~성인 섭취O 하이뮨 파이토좀 메리바 커큐민 젤리스틱 1박스/ 생체이용율개선 강황추출물 메리바커큐민 건강간식 어린이커큐민 디메톡시커큐민,16,38000
2026-10-05 15:07,436,빙그레,"""프로틴 간식"" 더단백 파우더 초코 곡물 7개입 프로틴 쉐이크",96,20000
2026-10-05 15:07,437,뉴트리원,"비비랩 듀얼샷 지중해식 건강 1포 [뉴트리원] 하지원Pick! 유기농 올리브엔토마토샷 (1박스/10포) / 지중해, 올리브오일, 토마토, 올토샷",850,29900
2026-10-05 15:07,438,CJ웰케어,차예련's Pick [순도90% PDRN] 이너비 먹는 PDRN 리즈 저분자피쉬콜라겐 히알루론산 뮤신 스틱젤리 14포,37,21900
2026-10-05 15:07,439,베노프,"고단백 영양간식 ""단백질에 진심인 친구에게"" 단백질 쉐이크 파우치 1박스(7개입) + 단백질 라이트바 1박스 (10개입)_행사",154,44500
2026-10-05 15:07,440,GNM자연의품격,콜라겐구미 증정 GNM 이성경 석류콜라겐젤리 스틱 4박스 (총 60포),697,38900
2026-10-05 15:07,441,다신샵,식사대용 프로틴 단백질18g 고단백쉐이크 단백한끼 5종 20+20팩,81,69900
2026-10-05 15:07,442,한끼통살,[한끼통살] 닭가슴살 소시지 더블형 4종 택1(10팩),60,15900
2026-10-05 15:07,443,한끼통살,[한끼통살] 현미 크리스피 안심 2종 택1 (100gX10팩),8,35000
2026-10-05 15:07,444,대웅제약,"션's Pick [1+1] 대웅제약 임팩타임 러닝 에너지젤 아미노산 3000, 24포",9,37900
2026-10-05 15:07,445,랭킹닭컴,빠삭한 식감 잇메이트 크리스피 닭가슴살 6종 10팩 냉동 단백질 식단,54,28000
2026-10-05 15:07,446,다신샵,밥먹고 힘내 저당&저탄수 현미밥식단 65종 마음대로 골라담기 / 저칼로리 도시락 현미주먹밥 곤약김밥 볶음밥,913,26900
2026-10-05 15:07,447,허닭,냉장고가 필요 없는 허닭ON 촉촉 실온 닭가슴살 120g 20팩,1136,49900
2026-10-05 15:07,448,푸드올로지,"따뜻한 물만 붓기, 가벼운 내일을 위한 카페인 제로 백년초 호박티 (20개입)",2198,17800
2026-10-05 15:07,449,오니스트,고함량비오틴 부모님선물추천 [부모님선물/고함량비오틴/케라틴] 오니스트 케라그로우 망고 14포 2주,98,69800
2026-10-05 15:07,450,건강식품,맛있는 애사비 구미 골리 비타민젤리 애플사이다비니거 저당 구미 180g (3g x 60개입),3842,29900
2026-10-05 15:07,451,메리루스,"""맛있는 건강 선물"" 메리루스 비타민C, D 구미 1개 2개월분 / 어린이 비타민 젤리",88,30900
2026-10-05 15:07,452,랩노쉬,한정판 기프트박스 [에반게리온]클룹 스프린트 에너지드링크 4종 & 보틀 기프트박스,2898,49900
2026-10-05 15:07,453,슬림웨이,역가수치 100만 슬림웨이 파인애플 브로멜라인 효소 X 3박스 (3개월분) + 쇼핑백 증정,74,35900
2026-10-05 15:07,454,GNM자연의품격,GNM 애사비 애플 사이다 비니거 사과 식초 젤리 포켓 14포 X 3박스/ 사과주스 구미,18,29800
2026-10-05 15:07,455,데일리,커피증정 EVENT [에코백 증정] 주토피아 에디션 데일리 멀티비타민&에센셜 젤리스틱 2박스+플러쉬 키링 선물세트,3615,44900
2026-10-05 15:07,456,종근당건강,락토조이 오늘비움 스트롱 1박스(6입),34,29900
2026-10-05 15:07,457,슬림웨이,동안피부 비결 [박스당 1만원대] 슬림웨이 엘라스틴 콜라겐 젤리 스틱 14포 x 2박스 (4주분) + 쇼핑백 증정,16,34000
2026-10-05 15:07,458,뉴트리원,"말차맛 효소 [뉴트리원] 비비랩 효소 말차라떼맛 20포 (20일분) / 제주 말차, 말차맛, 말차라떼",26,14900
2026-10-05 15:07,459,플라이밀,상온보관 플라이밀 마녀스프 마라치킨 300g x 5팩,30,36500
2026-10-05 15:07,460,휴럼,멀티 케어 솔루션 [휴럼] 아이엠미 리포좀 글루타치온 & 애플민트 수퍼 화이트 1박스 인지질 코팅,10,26000
2026-10-05 15:07,461,에이치엘사이언스,고함량 알파CD 원핏 제로파우더 2박스 (40포),10,34900
2026-10-05 15:07,462,잠백이,유당 걱정 없는 WPC 프로틴 잠백이 에센셜 락토프리 웨이프로틴 단백질 보충제 무맛 외 10종,4,41900
2026-10-05 15:07,463,잠백이,물 없이 입안에서 바로 녹는 잠백이 에너지 필름 헬스부스터 30매입 카페인 100mg,0,11500
2026-10-05 15:07,464,잠백이,운동 전 한 포로 펌핑하는 잠백이 글리세롤 글리펌프 자몽맛 13g x 30포,0,7900
2026-10-05 15:07,465,잠백이,운동인 필수 회복 아미노산 보충제 잠백이 아지퓨어 글루타민 300g,0,27700
2026-10-05 15:07,466,가농,단백이 계란흰자 99.5% 에그 프로틴 치즈맛 20개입(달걀 단백질 간편식),4,22400
2026-10-05 15:07,467,가농,단백이 계란흰자 99.5% 에그 프로틴 짭짤한맛 20개입(달걀 단백질 간편식),7,20400
2026-10-05 15:07,468,가농,단백이 계란흰자 99.5% 에그 프로틴 치즈맛 40개입(달걀 단백질 간편식),4,39000
2026-10-05 15:07,469,가농,단백이 계란흰자 99.5% 에그 프로틴 구운맛 40개입(달걀 단백질 간편식),4,37000
2026-10-05 15:07,470,익스트림,"우형재 PICK 운동 선물 필수 아미노산 OPTIMA EAA 7000+ 보충제 3종 택1 (샤인머스캣, 아이스티, 파인애플)",2,28500
2026-10-05 15:07,471,GNM자연의품격,"""멜라토닌 2mg 함유"" GNM 로우슈가 멜라루나 구미 젤리 1박스(총 30구미) / L-테아닌",0,15900
2026-10-05 15:07,472,CJ웰케어,편안한 밤 선물 [식물성 멜라토닌] 1mg 구미 젤리 멜라메이트 1박스 (리치백도/애플민트 중 택1),1,9900
2026-10-05 15:07,473,쁘띠앤,젤리타입 이노시톨 쁘띠앤 베리시톨 구미 미오이노시톨 여성건강 임신준비 선물 본품 1개(45구미)+체험팩 2개(6구미),30,26000
2026-10-05 15:07,474,다신샵,양많은 도시락 다신고메밥상 5종 10팩세트 / 국내산 현미&쌀 제육 오므라이스 치킨마요,3,47900
2026-10-05 15:07,475,다신샵,양많은 도시락 다신고메밥상 5종 5팩세트 / 국내산 현미&쌀 제육 오므라이스 치킨마요,1,28900
2026-10-05 15:07,476,뉴케어,추석 안심다과 선물 뉴케어 당플랜 안심 다과상 3종 GIFT SET (안심차/안심바/저당양갱),2,38900
2026-10-05 15:07,477,일동후디스,쇼핑백 & 2포 체험분 증정 빠른 에너지충전! 일동후디스 하이뮨 아미노포텐 파워젤 2박스(+2포 / 고함량 아미노산 에너지젤 비타민 마라톤 러닝 운동 헬스 수영 자전거 축구,0,38500
2026-10-05 15:07,478,아일로,'기미&주근깨 완화' 아일로 화이타민 정 30캡슐,9,35000
2026-10-05 15:07,479,허닭,허닭X지무비의 만남 허닭BITE 실온 부드러운 닭가슴살 육포 2종 혼합 12팩,3,30900
2026-10-05 15:07,480,메디트리,유기농 레드 와인 비니거 3박스 42포 효모 초모 식초,1,34900
2026-10-05 15:07,481,일동후디스,쇼핑백 증정 일동후디스 하이뮨 아미노포텐 파워에너지 2박스(6개입) / 프로선수용 에너지젤 고함량 아미노산 마라톤 러닝 운동 헬스 야구,0,23400
2026-10-05 15:07,482,오빠닭(배송),[오빠닭] 닭가슴살/닭다리살 베스트 모음,4,26900
2026-10-05 15:07,483,네네치킨(배송),[네네치킨] 소스 닭가슴살 10팩 패키지+용기 사은품,3,25900
2026-10-05 15:07,484,오니스트,[Eternal Beauty] 추석 기프트 세트 글로우시너지 2box,7,71600
2026-10-05 15:07,485,프로티원,"프로티원 단백질스프 5개입 X 1박스 (스위트콘,양송이,라면)",7,12900
2026-10-05 15:07,486,프로티원,프로티원 단백질바 10개입 x 1박스 (초코맛/피넛버터맛),9,29900
2026-10-05 15:07,487,프로티원,"프로티원 단백질바 10개입 x 2박스(총20개), 초코맛/피넛버터맛",1,46900
2026-10-05 15:07,488,대웅제약,"1포 추가 증정 [션's PICK/대용량 단독] 대웅제약 임팩타임 에너지젤 아미노산 3000, 37포",1,52900
2026-10-05 15:07,489,대웅제약,션's PICK [아미노산 3000] 대웅제약 임팩타임 러닝 에너지젤 12포,7,21900
2026-10-05 15:07,490,대웅제약,"[션's PICK/단독] 대웅제약 임팩타임 에너지젤 아미노산 3000, 17포 (12+5포)",5,29900
2026-10-05 15:07,491,다이어트식품,쉐이크베이비 락토컷 프로틴 단백질쉐이크 630g,16,32800
2026-10-05 15:07,492,셀렉스,셀렉스 프로틴 고소한맛 304g,3,27300
2026-10-05 15:07,493,셀렉스,셀렉스 프로틴 락토프리 음료 190ml 24입,0,42300
2026-10-05 15:07,494,유한건강생활,이너플로라 가뿐효소 1박스 (1개월분),1,26900
2026-10-05 15:07,495,CJ웰케어,단백질 20g [체험팩] CJ 맥플랜 식이섬유 데일리 프로틴 쉐이크 초코맛/딸기요거트맛/피넛버터맛 각 1입 총 3입,7,10500
2026-10-05 15:07,496,꼬박꼬밥,단독/보틀증정/포장 [신상]꼬박꼬밥 플러스 대용량 1+1 & 보틀 선물세트,3,55900
2026-10-05 15:07,497,CJ웰케어,[신제품] CJ 맥플랜 식이섬유 데일리 프로틴 쉐이크 초코맛/딸기요거트맛/피넛버터맛 15입 구성,2,52500
2026-10-05 15:07,498,푸드올로지,[채소 31종 함유] 지중해 식이섬유 샐러드 캔디,18,25800
2026-10-05 15:07,499,푸드올로지,[저당/단백질 34g] 헤이! 스무디 웰니스 프로틴 카카오 헤이즐넛 1박스 7포,24,19900
2026-10-05 15:07,500,CJ웰케어,[신제품] CJ 맥플랜 식이섬유 로우슈가 비움구미 푸룬맛/골드키위맛/사과맛 4gx15구미 골라담기,4569,12900
